{
    "averages": {
        "allAp": 0.3982216033135361,
        "allAp50%": 0.6740441381127424,
        "classes": {
            "bicycle": {
                "ap": 0.2189616285981273,
                "ap50%": 0.5993766372960284
            },
            "bus": {
                "ap": 0.5929097906993394,
                "ap50%": 0.715152194710381
            },
            "car": {
                "ap": 0.599291477607556,
                "ap50%": 0.8493826611508878
            },
            "motorcycle": {
                "ap": 0.2103665010460976,
                "ap50%": 0.513835757286859
            },
            "person": {
                "ap": 0.4109161552762367,
                "ap50%": 0.7494698944486743
            },
            "rider": {
                "ap": 0.3374412374276265,
                "ap50%": 0.7553224057995066
            },
            "train": {
                "ap": 0.4065865956547189,
                "ap50%": 0.6517607631797218
            },
            "truck": {
                "ap": 0.4092994401985865,
                "ap50%": 0.5580527910298799
            }
        }
    },
    "distanceThresholds": [
        Infinity,
        100.0,
        50.0
    ],
    "instLabels": [
        "person",
        "rider",
        "car",
        "truck",
        "bus",
        "train",
        "motorcycle",
        "bicycle"
    ],
    "minRegionSizes": [
        100,
        1000,
        1000
    ],
    "minStereoDensities": [
        -Infinity,
        0.5,
        0.5
    ],
    "overlaps": [
        0.5,
        0.55,
        0.6000000000000001,
        0.6500000000000001,
        0.7000000000000002,
        0.7500000000000002,
        0.8000000000000003,
        0.8500000000000003,
        0.9000000000000004,
        0.9500000000000004
    ],
    "resultApMatrix": [
        [
            [
                0.7494698944486743,
                0.7113110093166393,
                0.658833695914925,
                0.5968083543949622,
                0.5116819704243131,
                0.4066134508350667,
                0.28786759431912506,
                0.14961205425946622,
                0.036819966206765455,
                0.0001435626424292723
            ],
            [
                0.7553224057995066,
                0.6981059067035472,
                0.6391964188337287,
                0.5406286224008744,
                0.3784779130057586,
                0.25319116047608803,
                0.0968035218072217,
                0.012549749637415673,
                0.0001366756121246033,
                0.0
            ],
            [
                0.8493826611508878,
                0.8172265579119509,
                0.7859237061299394,
                0.7479658772837049,
                0.6962157307146013,
                0.6360488290381487,
                0.5589368049100989,
                0.4610973656159898,
                0.3279639347015396,
                0.11215330861869843
            ],
            [
                0.5580527910298799,
                0.529748844966375,
                0.5250491653240038,
                0.5128973283708986,
                0.4790282266233025,
                0.43647459257185833,
                0.3823025544786258,
                0.3480522631073193,
                0.22407920601390055,
                0.09730942949970087
            ],
            [
                0.715152194710381,
                0.7148191208963632,
                0.7131224682789717,
                0.6989237251596633,
                0.6747203282806361,
                0.6432100108370625,
                0.6162779092926173,
                0.551630679317109,
                0.4517882352910405,
                0.14945323492954934
            ],
            [
                0.6517607631797218,
                0.6212022977196532,
                0.621175488733754,
                0.5257812834858,
                0.5257555992124574,
                0.5124110829876053,
                0.33719805385934887,
                0.18942196707899345,
                0.08115942028985507,
                0.0
            ],
            [
                0.513835757286859,
                0.4816210489717367,
                0.38270331792583184,
                0.31616540547380345,
                0.25215307076768984,
                0.11880720403979042,
                0.03613285952241935,
                0.002246346472845305,
                0.0,
                0.0
            ],
            [
                0.5993766372960284,
                0.5342283262111616,
                0.42695062119991356,
                0.32390045828669484,
                0.20031513705551565,
                0.08322951074230325,
                0.02052002501020385,
                0.0010921357707684319,
                3.434408683030356e-06,
                0.0
            ]
        ]
    ]
}